"Lafayette, CA","Daly City, CA","San Francisco, CA","Millbrae, CA","Irvine, CA","San Francisco, CA","Richmond, CA"
"San Francisco, CA"
"Cupertino, CA"
"Union City, CA","Foster City, CA"
"Seattle, WA","Seattle, WA","San Francisco, CA","Seattle, WA","San Francisco, CA","San Francisco, CA"
"Hayward, CA","San Francisco, CA"
"San Francisco, CA","Livingston, NJ","Oakland, CA","San Francisco, CA","Sunnyvale, CA","Moss Beach, CA","San Rafael, CA","San Rafael, CA"
"San Ramon, CA"
"Los Angeles, CA","Belmont, CA","San Jose, CA"
"Cupertino, CA","Union City, CA","Burlingame, CA"
"Daly City, CA"
"Bellevue, WA","San Francisco, CA","San Francisco, CA","Seattle, WA","San Francisco, CA","Kirkland, WA"
"San Francisco, CA","San Francisco, CA","San Francisco, CA","San Francisco, CA","San Francisco, CA","San Francisco, CA","San Francisco, CA","San Francisco, CA","San Francisco, CA"
"Trinity, FL"
"Seattle, WA"
"San Francisco, CA","San Francisco, CA","San Francisco, CA","San Francisco, CA"
"Fremont, CA","Walnut Creek, CA"
"Mars, PA","Pittsburgh, PA","Pittsburgh, PA","Pittsburgh, PA"
"San Francisco, CA","San Francisco, CA","San Francisco, CA"
"San Francisco, CA","San Francisco, CA","San Francisco, CA","San Francisco, CA","San Francisco, CA"
"San Francisco, CA","San Francisco, CA"
"San Francisco, CA","San Francisco, CA","Lafayette, CA","Fremont, CA","San Jose, CA"
"Oakland, CA"
"Lafayette, CA","Danville, CA","Los Angeles, CA","Mill Creek, WA","Salt Lake City, UT","Sandy, UT","Milwaukie, OR"
"Walnut Creek, CA","Greenbrae, CA","San Jose, CA"
"San Francisco, CA","San Francisco, CA","Millbrae, CA"
"San Francisco, CA","San Francisco, CA","San Francisco, CA"
"Brooklyn, NY"
"Milpitias, CA","Oakland, CA","Sunnyvale, CA","San Francisco, CA"
"Sunnyvale, CA","Fremont, CA"
"San Francisco, CA","San Francisco, CA","Fremont, CA","San Francisco, CA","San Francisco, CA"
"San Francisco, CA","Palo Alto, CA","San Francisco, CA","San Francisco, CA","San Francisco, CA","San Francisco, CA","San Francisco, CA","San Francisco, CA","San Francisco, CA"
"Menlo Park, CA","Cambridge, MA","Menlo Park, CA","Menlo Park, CA"
"San Francisco, CA","San Francisco, CA","San Francisco, CA","San Francisco, CA"
"San Francisco, CA","Palo Alto, CA"
"Seattle, WA","Seattle, WA","San Francisco, CA","Oakland, CA","San Francisco, CA","South San Francisco, CA","San Francisco, CA"
"Foster City, CA","Foster City, CA"
"Fords, NJ","San Francisco, CA","Palo Alto, CA","San Francisco, CA","Berkeley, CA"
"San Jose, CA","Menlo Park, CA"
"San Francisco, CA"
"Monroe, NC","Charlotte, NC"
"Foster City, CA","Greenbrae, CA"
"San Francisco, CA","Sunnyvale, CA","Foster City, CA","Oakland, CA","Sunnyvale, CA","Fremont, CA","Foster City, CA"
"San Jose, CA","San Jose, CA"
"Alamo, CA","Kirkland, WA","Seattle, WA","San Francisco, CA","San Francisco, CA"
"Atlanta, GA"
"San Francisco, CA"
"Redwood City, CA","Los Altos, CA","San Mateo, CA","San Francisco, CA","San Carlos, CA"
"San Francisco, CA","Fremont, CA","San Francisco, CA","San Francisco, CA","San Francisco, CA"
"Daly City, CA","Mill Valley, CA","San Francisco, CA"
"Novato, CA","San Francisco, CA","San Francisco, CA","Foster City, CA","Blanco, TX"
"Novato, CA","San Jose, CA","Millbrae, CA","San Francisco, CA","San Bruno, CA","Danville, CA","San Francisco, CA","Oakland, CA"
"San Francisco, CA","Livermore, CA","San Francisco, CA","San Francisco, CA","San Francisco, CA","Moraga, CA"
"San Francisco, CA","San Francisco, CA"
"Kirkland, WA"
"Los Angeles, CA","San Francisco, CA","Chicago, IL"
"Los Angeles, CA","San Francisco, CA","Chicago, IL"
"Lafayette, CA","San Ramon, CA","Danville, CA","Berkeley, CA","San Francisco, CA","San Francisco, CA"
"San Francisco, CA","San Francisco, CA","San Francisco, CA","San Francisco, CA","San Francisco, CA"
"Cambridge, MA","Cambridge, MA"
"Austin, TX","Round Rock, TX"
"West Gaston, IN","South San Francisco, CA"
"Belmont, CA"
"Novato, CA","San Francisco, CA","San Jose, CA","Bellevue, WA","San Ramon, CA","Burlingame, CA"
"Fountain Hills, AZ"
"Campbell, CA","Los Gatos, CA","San Jose, CA","Santa Clara, CA"
"San Francisco, CA","San Francisco, CA","San Francisco, CA"
"Seattle, WA","Seattle, WA","Berkeley, CA","San Francisco, CA"
"North Andover, MA","San Mateo, CA","Green Cove Springs, FL","Oakland, CA"
"San Francisco, CA"
"Dublin, CA","San Jose, CA","San Jose, CA"
"Layfayette, CA","San Ramon, CA","Danville, CA","Berkeley, CA","San Francisco, CA","San Francisco, CA"
"Sunnyvale, CA","Sunnyvale, CA","San Francisco, CA"
"Lafayette, CA","San Ramon, CA","Danville, CA","Berkeley, CA","San Francisco, CA","San Francisco, CA"
"San Francisco, CA"
"San Francisco, CA"
"Woodside, CA","San Francisco, CA","Seattle, WA","San Francisco, CA"
"Sausalito, CA","Cupertino, CA"
"Moraga, CA","Jacksonville, FL"
"San Francisco, CA","San Francisco, CA","San Francisco, CA","San Francisco, CA"
"San Francisco, CA","San Francisco, CA","San Francisco, CA","San Francisco, CA","San Francisco, CA"
"Lovingston, VA","Natick, MA","Burke, VA"
"San Francisco, CA","San Bruno, CA","Palmdale, CA"
"San Francisco, CA"
"San Francisco, CA"
"Oakland, CA","Emeryville, CA","Portola Valley, CA"
"San Francisco, CA","Brownsburg, IN","Berkeley, CA"
"Washington, DC","San Francisco, CA","San Francisco, CA"
"San Francisco, CA","San Francisco, CA","San Francisco, CA","San Francisco, CA","Fremont, CA","Durham, NC"
"Pittsburgh, PA","Pittsburgh, PA","Pittsburgh, PA","Pittsburgh, PA","Pittsburgh, PA"
"San Francisco, CA"
"Mountain View, CA"
"San Francisco, CA","Norwood, NY","Colorado Springs, CO","Colorado Springs, CO","Colorado Springs, CO","Boston, MA","Berkeley, CA"
"Palo Alto, CA","Champaign, IL"
"Castle Pines, CO","San Francisco, CA"
"Salisbury, NC","Harrisburg, NC","Davidson, NC","Advance, NC","Charlotte, NC","State Road, NC"
"Los Gatos, CA","San Francisco, CA","Sunnyvale, CA","Livermore, CA","San Francisco, CA"
"Alameda, CA","Emeryville, CA","Daly City, CA","Oakland, CA"
"Pineville, NC","State Road, NC","Charlotte, NC","Alpharetta, GA","Charlotte, NC","Charlotte, NC"
"Cupertino, CA","San Mateo, CA"
